{"cameraMode":{"drawMode":0,"name":"Shaded","section":"Shading Mode"},"sceneLighting":false,"audioPlay":false,"sceneViewState":{"showFog":false,"showMaterialUpdate":false,"showSkybox":false,"showFlares":false,"showImageEffects":false,"showParticleSystems":false},"in2DMode":false,"pivot":{"x":-5.624118804931641,"y":-2.2011051177978517,"z":-0.06890785694122315},"rotation":{"x":-0.19274723529815675,"y":0.4928392469882965,"z":-0.11295948177576065,"w":-0.8409537672996521},"size":1.1783357858657838,"orthographic":false}