{"cameraMode":{"drawMode":0,"name":"Shaded","section":"Shading Mode"},"sceneLighting":true,"audioPlay":false,"sceneViewState":{"showFog":false,"showMaterialUpdate":false,"showSkybox":false,"showFlares":false,"showImageEffects":false,"showParticleSystems":false},"in2DMode":false,"pivot":{"x":-5112.05322265625,"y":-1665.981201171875,"z":3126.707275390625},"rotation":{"x":-0.1174931526184082,"y":0.48682430386543276,"z":-0.06627678126096726,"w":-0.863023579120636},"size":6859.83544921875,"orthographic":false}